definition,bopomo,bopomo.ori
爸爸/爹地,ㄅㄚ ㄅㄚ / ㄉㄧㄝ ㄉㄧ,ㄅㄚˋ ˙ㄅㄚ / ㄉㄧㄝ- ㄉㄧˋ
媽媽/媽咪,ㄇㄚ ㄇㄚ / ㄇㄚ ㄇㄧ,ㄇㄚ- ˙ㄇㄚ / ㄇㄚ- ㄇㄧ-
姊姊,ㄐㄧㄝ ㄐㄧㄝ,ㄐㄧㄝˇ ㄐㄧㄝˇ
奶奶,ㄋㄞ ㄋㄞ,ㄋㄞˇ ˙ㄋㄞ
再見(byebye),ㄗㄞ ㄐㄧㄢ ( b y e b y e ) ,ㄗㄞˋ ㄐㄧㄢˋ ( b y e b y e ) 
謝謝,ㄒㄧㄝ ㄒㄧㄝ,ㄒㄧㄝˋ ˙ㄒㄧㄝ
抱(抱),ㄅㄠ ( ㄅㄠ ) ,ㄅㄠˋ ( ㄅㄠˋ ) 
不要,ㄅㄨ ㄧㄠ,ㄅㄨˋ ㄧㄠˋ
吃,ㄔ,ㄔ-
是/對/好,ㄕ / ㄉㄨㄟ / ㄏㄠ,ㄕˋ / ㄉㄨㄟˋ / ㄏㄠˇ
牛奶(ㄋㄟㄋㄟ),ㄋㄧㄡ ㄋㄞ ( ㄋ ㄟ ㄋ ㄟ ) ,ㄋㄧㄡˊ ㄋㄞˇ ( ㄋ ㄟ ㄋ ㄟ ) 
水(茶茶),ㄕㄨㄟ ( ㄔㄚ ㄔㄚ ) ,ㄕㄨㄟˇ ( ㄔㄚˊ ㄔㄚˊ ) 
小狗(汪汪),ㄒㄧㄠ ㄍㄡ ( ㄨㄤ ㄨㄤ ) ,ㄒㄧㄠˇ ㄍㄡˇ ( ㄨㄤ- ㄨㄤ- ) 
汽車(車車、ㄅㄨㄅㄨ),ㄑㄧ ㄔㄜ ( ㄔㄜ ㄔㄜ 、 ㄅ ㄨ ㄅ ㄨ ) ,ㄑㄧˋ ㄔㄜ- ( ㄔㄜ- ㄔㄜ- 、 ㄅ ㄨ ㄅ ㄨ ) 
球,ㄑㄧㄡ,ㄑㄧㄡˊ
鞋子,ㄒㄧㄝ ㄗ,ㄒㄧㄝˊ ˙ㄗ
哥哥,ㄍㄜ ㄍㄜ,ㄍㄜ- ˙ㄍㄜ
阿姨(姨媽),ㄚ ㄧ ( ㄧ ㄇㄚ ) ,ㄚ- ㄧˊ ( ㄧˊ ㄇㄚ- ) 
爺爺,ㄧㄝ ㄧㄝ,ㄧㄝˊ ˙ㄧㄝ
妹妹,ㄇㄟ ㄇㄟ,ㄇㄟˋ ˙ㄇㄟ
自己的名字,ㄗ ㄐㄧ ㄉㄜ ㄇㄧㄥ ㄗ,ㄗˋ ㄐㄧˇ ˙ㄉㄜ ㄇㄧㄥˊ ˙ㄗ
小寶寶(小貝比),ㄒㄧㄠ ㄅㄠ ㄅㄠ ( ㄒㄧㄠ ㄅㄟ ㄅㄧ ) ,ㄒㄧㄠˇ ㄅㄠˇ ㄅㄠˇ ( ㄒㄧㄠˇ ㄅㄟˋ ㄅㄧˇ ) 
弟弟,ㄉㄧ ㄉㄧ,ㄉㄧˋ ˙ㄉㄧ
舅舅,ㄐㄧㄡ ㄐㄧㄡ,ㄐㄧㄡˋ ˙ㄐㄧㄡ
叔叔,ㄕㄨ ㄕㄨ,ㄕㄨˊ ˙ㄕㄨ
姑姑,ㄍㄨ ㄍㄨ,ㄍㄨ- ˙ㄍㄨ
伯伯,ㄅㄛ ㄅㄛ,ㄅㄛˊ ˙ㄅㄛ
外婆,ㄨㄞ ㄆㄛ,ㄨㄞˋ ㄆㄛˊ
我,ㄨㄛ,ㄨㄛˇ
家人的名字,ㄐㄧㄚ ㄖㄣ ㄉㄜ ㄇㄧㄥ ㄗ,ㄐㄧㄚ- ㄖㄣˊ ˙ㄉㄜ ㄇㄧㄥˊ ˙ㄗ
吃飯,ㄔ ㄈㄢ,ㄔ- ㄈㄢˋ
拍拍手,ㄆㄞ ㄆㄞ ㄕㄡ,ㄆㄞ- ˙ㄆㄞ ㄕㄡˇ
睡覺,ㄕㄨㄟ ㄐㄩㄝ,ㄕㄨㄟˋ ㄐㄩㄝˊ
洗澡,ㄒㄧ ㄗㄠ,ㄒㄧˇ ㄗㄠˇ
上廁所(尿尿、便便),ㄕㄤ ㄘㄜ ㄙㄨㄛ ( ㄋㄧㄠ ㄋㄧㄠ 、 ㄆㄧㄢ ㄆㄧㄢ ) ,ㄕㄤˇ ㄘㄜˋ ㄙㄨㄛˇ ( ㄋㄧㄠˋ ㄋㄧㄠˋ 、 ㄆㄧㄢˊ ㄆㄧㄢˊ ) 
哈囉(嗨),ㄏㄚ ㄌㄨㄛ ( ㄏㄞ ) ,ㄏㄚ- ㄌㄨㄛˊ ( ㄏㄞ- ) 
刷牙,ㄕㄨㄚ ㄧㄚ,ㄕㄨㄚ- ㄧㄚˊ
晚安,ㄨㄢ ㄢ,ㄨㄢˇ ㄢ-
換尿布,ㄏㄨㄢ ㄋㄧㄠ ㄅㄨ,ㄏㄨㄢˋ ㄋㄧㄠˋ ㄅㄨˋ
跳舞,ㄊㄧㄠ ㄨ,ㄊㄧㄠˋ ㄨˇ
看電視,ㄎㄢ ㄉㄧㄢ ㄕ,ㄎㄢˋ ㄉㄧㄢˋ ㄕˋ
打電話,ㄉㄚ ㄉㄧㄢ ㄏㄨㄚ,ㄉㄚˊ ㄉㄧㄢˋ ㄏㄨㄚˋ
噓/噓噓(安靜),ㄒㄩ / ㄒㄩ ㄒㄩ ( ㄢ ㄐㄧㄥ ) ,ㄒㄩ- / ㄒㄩ- ㄒㄩ- ( ㄢ- ㄐㄧㄥˋ ) 
唱歌,ㄔㄤ ㄍㄜ,ㄔㄤˋ ㄍㄜ-
讀書(看書),ㄉㄨ ㄕㄨ ( ㄎㄢ ㄕㄨ ) ,ㄉㄨˊ ㄕㄨ- ( ㄎㄢˋ ㄕㄨ- ) 
對不起,ㄉㄨㄟ ㄅㄨ ㄑㄧ,ㄉㄨㄟˋ ㄅㄨˋ ㄑㄧˇ
要,ㄧㄠ,ㄧㄠ-
走/散步,ㄗㄡ / ㄙㄢ ㄅㄨ,ㄗㄡˇ / ㄙㄢˋ ㄅㄨˋ
拍(手),ㄅㄛ ( ㄕㄡ ) ,ㄅㄛˊ ( ㄕㄡˇ ) 
打,ㄉㄚ,ㄉㄚˊ
坐,ㄗㄨㄛ,ㄗㄨㄛˋ
喝,ㄧㄝ,ㄧㄝˋ
洗,ㄒㄧㄢ,ㄒㄧㄢˇ
打開,ㄉㄚ ㄎㄞ,ㄉㄚˇ ㄎㄞ-
哭,ㄎㄨ,ㄎㄨ-
親,ㄑㄧㄣ,ㄑㄧㄣ-
來,ㄌㄞ,ㄌㄞˋ
拿,ㄋㄚ,ㄋㄚˊ
丟,ㄉㄧㄡ,ㄉㄧㄡ-
看,ㄎㄢ,ㄎㄢˋ
穿,ㄔㄨㄢ,ㄔㄨㄢ-
玩,ㄨㄢ,ㄨㄢˋ
不是/不對/不好,ㄅㄨ ㄕ / ㄅㄨ ㄉㄨㄟ / ㄅㄨ ㄏㄠ,ㄅㄨˋ ˙ㄕ / ㄅㄨˋ ㄉㄨㄟˋ / ㄅㄨˋ ㄏㄠˋ
跳,ㄊㄧㄠ,ㄊㄧㄠˋ
好了,ㄏㄠ ㄌㄜ,ㄏㄠˇ ˙ㄌㄜ
不可以/不行,ㄅㄨ ㄎㄜ ㄧ / ㄅㄨ ㄒㄧㄥ,ㄅㄨˋ ㄎㄜˇ ㄧˇ / ㄅㄨˋ ㄒㄧㄥˊ
跌倒,ㄉㄧㄝ ㄉㄠ,ㄉㄧㄝˊ ㄉㄠˇ
去,ㄑㄩ,ㄑㄩˋ
牽(手),ㄑㄧㄢ ( ㄕㄡ ) ,ㄑㄧㄢ- ( ㄕㄡˇ ) 
跑,ㄆㄠ,ㄆㄠˇ
脫,ㄊㄨㄛ,ㄊㄨㄛ-
關,ㄍㄨㄢ,ㄍㄨㄢ-
吹,ㄔㄨㄟ,ㄔㄨㄟˋ
飯,ㄈㄢ,ㄈㄢˋ
麵,ㄇㄧㄢ,ㄇㄧㄢˋ
餅乾,ㄅㄧㄥ ㄍㄢ,ㄅㄧㄥˇ ㄍㄢ-
香蕉,ㄒㄧㄤ ㄐㄧㄠ,ㄒㄧㄤ- ㄐㄧㄠ-
麵包,ㄇㄧㄢ ㄅㄠ,ㄇㄧㄢˋ ㄅㄠ-
蛋,ㄉㄢ,ㄉㄢˋ
蘋果,ㄆㄧㄥ ㄍㄨㄛ,ㄆㄧㄥˊ ㄍㄨㄛˇ
糖果,ㄊㄤ ㄍㄨㄛ,ㄊㄤˊ ㄍㄨㄛˇ
湯,ㄊㄤ,ㄊㄤ-
肉,ㄖㄡ,ㄖㄡˋ
布丁,ㄅㄨ ㄉㄧㄥ,ㄅㄨˋ ㄉㄧㄥ-
養樂多,ㄧㄤ ㄩㄝ ㄉㄨㄛ,ㄧㄤˇ ㄩㄝˋ ㄉㄨㄛˊ
蛋糕,ㄉㄢ ㄍㄠ,ㄉㄢˋ ㄍㄠ-
葡萄,ㄆㄨ ㄊㄠ,ㄆㄨˊ ㄊㄠˊ
草莓,ㄘㄠ ㄇㄟ,ㄘㄠˇ ㄇㄟˊ
玉米,ㄩ ㄇㄧ,ㄩˋ ˙ㄇㄧ
西瓜,ㄒㄧ ㄍㄨㄚ,ㄒㄧ- ㄍㄨㄚ-
魚,ㄩ,ㄩˊ
小貓(喵喵),ㄒㄧㄠ ㄇㄠ ( ㄇㄧㄠ ㄇㄧㄠ ) ,ㄒㄧㄠˇ ㄇㄠ- ( ㄇㄧㄠ- ㄇㄧㄠ- ) 
小鳥,ㄒㄧㄠ ㄋㄧㄠ,ㄒㄧㄠˇ ㄋㄧㄠˇ
雞(咕咕咕),ㄐㄧ ( ㄍㄨ ㄍㄨ ㄍㄨ ) ,ㄐㄧ- ( ㄍㄨ- ㄍㄨ- ㄍㄨ- ) 
鴨子(呱呱),ㄧㄚ ㄗ ( ㄨㄚ ㄨㄚ ) ,ㄧㄚ- ˙ㄗ ( ㄨㄚ- ㄨㄚ- ) 
小熊(泰迪熊),ㄒㄧㄠ ㄒㄩㄥ ( ㄊㄞ ㄉㄧ ㄒㄩㄥ ) ,ㄒㄧㄠˇ ㄒㄩㄥˊ ( ㄊㄞˋ ㄉㄧˊ ㄒㄩㄥˊ ) 
豬,ㄓㄨ,ㄓㄨ-
大象,ㄉㄚ ㄒㄧㄤ,ㄉㄚˋ ㄒㄧㄤˋ
馬,ㄇㄚ,ㄇㄚˇ
兔子,ㄊㄨ ㄗ,ㄊㄨˋ ˙ㄗ
蝴蝶,ㄏㄨ ㄉㄧㄝ,ㄏㄨˊ ㄉㄧㄝˊ
小羊(咩咩),ㄒㄧㄠ ㄒㄧㄤ ( ㄇㄧㄝ ㄇㄧㄝ ) ,ㄒㄧㄠˇ ㄒㄧㄤˊ ( ㄇㄧㄝ- ㄇㄧㄝ- ) 
牛(哞),ㄋㄧㄡ ( 哞 ) ,ㄋㄧㄡˊ ( 哞 ) 
蟲蟲,ㄔㄨㄥ ㄔㄨㄥ,ㄔㄨㄥˊ ㄔㄨㄥˊ
花,ㄏㄨㄚ,ㄏㄨㄚ-
下雨,ㄒㄧㄚ ㄩ,ㄒㄧㄚˋ ㄩˇ
溜滑梯,ㄌㄧㄡ ㄏㄨㄚ ㄊㄧ,ㄌㄧㄡ- ㄏㄨㄚˊ ㄊㄧ-
樹,ㄕㄨ,ㄕㄨˋ
雨傘,ㄩ ㄙㄢ,ㄩˇ ㄙㄢˇ
飛機,ㄈㄟ ㄐㄧ,ㄈㄟ- ㄐㄧ-
機車(摩托車),ㄐㄧ ㄔㄜ ( ㄇㄛ ㄊㄨㄛ ㄔㄜ ) ,ㄐㄧ- ㄔㄜ- ( ㄇㄛˊ ㄊㄨㄛ- ㄔㄜ- ) 
火車,ㄏㄨㄛ ㄔㄜ,ㄏㄨㄛˇ ㄔㄜ-
腳踏車,ㄐㄧㄠ ㄊㄚ ㄔㄜ,ㄐㄧㄠˇ ㄊㄚˋ ㄔㄜ-
垃圾車,ㄌㄜ ㄙㄜ ㄔㄜ,ㄌㄜˋ ㄙㄜˋ ㄔㄜ-
書,ㄕㄨ,ㄕㄨ-
筆,ㄅㄧ,ㄅㄧˇ
氣球,ㄑㄧ ㄑㄧㄡ,ㄑㄧˋ ㄑㄧㄡˊ
玩具,ㄨㄢ ㄐㄩ,ㄨㄢˊ ㄐㄩˋ
泡泡,ㄆㄠ ㄆㄠ,ㄆㄠ- ㄆㄠ-
娃娃(洋娃娃),ㄨㄚ ㄨㄚ ( ㄧㄤ ㄨㄚ ㄨㄚ ) ,ㄨㄚˊ ˙ㄨㄚ ( ㄧㄤˊ ㄨㄚˊ ˙ㄨㄚ ) 
尿布,ㄋㄧㄠ ㄅㄨ,ㄋㄧㄠˋ ㄅㄨˋ
襪子,ㄨㄚ ㄗ,ㄨㄚˋ ˙ㄗ
褲子,ㄎㄨ ㄗ,ㄎㄨˋ ˙ㄗ
帽子,ㄇㄠ ㄗ,ㄇㄠˋ ˙ㄗ
手,ㄕㄡ,ㄕㄡˇ
眼睛,ㄧㄢ ㄐㄧㄥ,ㄧㄢˇ ㄐㄧㄥ-
嘴巴,ㄗㄨㄟ ㄅㄚ,ㄗㄨㄟˇ ˙ㄅㄚ
腳,ㄐㄧㄠ,ㄐㄧㄠˇ
耳朵,ㄦ ㄉㄨㄛ,ㄦˇ ˙ㄉㄨㄛ
鼻子,ㄅㄧ ㄗ,ㄅㄧˊ ˙ㄗ
頭,ㄊㄡ,ㄊㄡˊ
屁股,ㄆㄧ ㄍㄨ,ㄆㄧˋ ˙ㄍㄨ
頭髮,ㄊㄡ ㄈㄚ,ㄊㄡˊ ㄈㄚˇ
肚子,ㄉㄨ ㄗ,ㄉㄨˇ ˙ㄗ
胸部(ㄋㄟㄋㄟ),ㄒㄩㄥ ㄅㄨ ( ㄋ ㄟ ㄋ ㄟ ) ,ㄒㄩㄥ- ㄅㄨˋ ( ㄋ ㄟ ㄋ ㄟ ) 
牙齒,ㄧㄚ ㄔ,ㄧㄚˊ ㄔˇ
臉,ㄌㄧㄢ,ㄌㄧㄢˇ
椅子,ㄧ ㄗ,ㄧˇ ˙ㄗ
門,ㄇㄣ,ㄇㄣˊ
床,ㄔㄨㄤ,ㄔㄨㄤˊ
桌子,ㄓㄨㄛ ㄗ,ㄓㄨㄛ- ˙ㄗ
電話,ㄉㄧㄢ ㄏㄨㄚ,ㄉㄧㄢˋ ㄏㄨㄚˋ
電視,ㄉㄧㄢ ㄕ,ㄉㄧㄢˋ ㄕˋ
藥,ㄧㄠ,ㄧㄠˋ
杯子,ㄅㄟ ㄗ,ㄅㄟ- ˙ㄗ
牙刷,ㄧㄚ ㄕㄨㄚ,ㄧㄚˊ ㄕㄨㄚ-
湯匙,ㄊㄤ ㄔ,ㄊㄤ- ㄔˊ
錢,ㄐㄧㄢ,ㄐㄧㄢˇ
鑰匙,ㄧㄠ ㄕ,ㄧㄠˋ ˙ㄕ
碗,ㄨㄢ,ㄨㄢˇ
眼鏡,ㄧㄢ ㄐㄧㄥ,ㄧㄢˇ ㄐㄧㄥˋ
吸管,ㄒㄧ ㄍㄨㄢ,ㄒㄧ- ㄍㄨㄢˇ
毯子(被子),ㄊㄢ ㄗ ( ㄅㄟ ㄗ ) ,ㄊㄢˇ ˙ㄗ ( ㄅㄟˋ ˙ㄗ ) 
手機,ㄕㄡ ㄐㄧ,ㄕㄡˇ ㄐㄧ-
衛生紙(面紙),ㄨㄟ ㄕㄥ ㄓ ( ㄇㄧㄢ ㄓ ) ,ㄨㄟˋ ㄕㄥ- ㄓˇ ( ㄇㄧㄢˋ ㄓˇ ) 
垃圾桶,ㄌㄜ ㄙㄜ ㄊㄨㄥ,ㄌㄜˋ ㄙㄜˋ ㄊㄨㄥˇ
枕頭,ㄓㄣ ㄊㄡ,ㄓㄣˇ ˙ㄊㄡ
好痛/痛痛的,ㄏㄠ ㄊㄨㄥ / ㄊㄨㄥ ㄊㄨㄥ ㄉㄜ,ㄏㄠˇ ㄊㄨㄥˋ / ㄊㄨㄥˋ ㄊㄨㄥˋ ˙ㄉㄜ
好燙/燙燙的,ㄏㄠ ㄊㄤ / ㄊㄤ ㄊㄤ ㄉㄜ,ㄏㄠˇ ㄊㄤˋ / ㄊㄤˋ ㄊㄤˋ ˙ㄉㄜ
好臭/臭臭的,ㄏㄠ ㄒㄧㄡ / ㄒㄧㄡ ㄒㄧㄡ ㄉㄜ,ㄏㄠˇ ㄒㄧㄡˋ / ㄒㄧㄡˋ ㄒㄧㄡˋ ˙ㄉㄜ
好棒,ㄏㄠ ㄅㄤ,ㄏㄠˇ ㄅㄤˋ
濕濕的,ㄕ ㄕ ㄉㄜ,ㄕ- ㄕ- ˙ㄉㄜ
好熱/熱熱的,ㄏㄠ ㄖㄜ / ㄖㄜ ㄖㄜ ㄉㄜ,ㄏㄠˇ ㄖㄜˋ / ㄖㄜˋ ㄖㄜˋ ˙ㄉㄜ
害怕的(好恐怖),ㄏㄞ ㄆㄚ ㄉㄜ ( ㄏㄠ ㄎㄨㄥ ㄅㄨ ) ,ㄏㄞˋ ㄆㄚˋ ˙ㄉㄜ ( ㄏㄠˇ ㄎㄨㄥˇ ㄅㄨˋ ) 
暗暗的,ㄢ ㄢ ㄉㄜ,ㄢˋ ㄢˋ ˙ㄉㄜ
很好吃/好吃的,ㄏㄣ ㄏㄠ ㄔ / ㄏㄠ ㄔ ㄉㄜ,ㄏㄣˇ ㄏㄠˋ ㄔ- / ㄏㄠˋ ㄔ- ˙ㄉㄜ
這個,ㄓㄜ ㄍㄜ,ㄓㄜˋ ˙ㄍㄜ
一個(二、三個…),ㄧ ㄍㄜ ( ㄦ 、 ㄙㄢ ㄍㄜ … ) ,ㄧ- ˙ㄍㄜ ( ㄦˋ 、 ㄙㄢ- ˙ㄍㄜ … ) 
走開,ㄗㄡ ㄎㄞ,ㄗㄡˇ ㄎㄞ-
在這裡,ㄗㄞ ㄓㄜ ㄌㄧ,ㄗㄞˋ ㄓㄜˋ ㄌㄧˇ
過來,ㄍㄨㄛ ㄌㄞ,ㄍㄨㄛˋ ˙ㄌㄞ
我的,ㄨㄛ ㄉㄜ,ㄨㄛˇ ˙ㄉㄜ
外公,ㄨㄞ ㄍㄨㄥ,ㄨㄞˋ ㄍㄨㄥ-
你,ㄋㄧ,ㄋㄧˇ
醫生,ㄧ ㄕㄥ,ㄧ- ㄕㄥ-
小朋友,ㄒㄧㄠ ㄆㄥ ㄧㄡ,ㄒㄧㄠˇ ㄆㄥˊ ㄧㄡˇ
**人的, * * ㄖㄣ ㄉㄜ, * * ㄖㄣˊ ˙ㄉㄜ
你的,ㄋㄧ ㄉㄜ,ㄋㄧˇ ˙ㄉㄜ
警察,ㄐㄧㄥ ㄔㄚ,ㄐㄧㄥˇ ㄔㄚˊ
老師,ㄌㄠ ㄕ,ㄌㄠˇ ㄕ-
寵物的名字,ㄔㄨㄥ ㄨ ㄉㄜ ㄇㄧㄥ ㄗ,ㄔㄨㄥˇ ㄨˋ ˙ㄉㄜ ㄇㄧㄥˊ ˙ㄗ
舅媽,ㄐㄧㄡ ㄇㄚ,ㄐㄧㄡˋ ㄇㄚ-
我們,ㄨㄛ ㄇㄣ,ㄨㄛˇ ˙ㄇㄣ
他,ㄊㄚ,ㄊㄚ-
男生,ㄋㄢ ㄕㄥ,ㄋㄢˊ ㄕㄥ-
他的,ㄊㄚ ㄉㄜ,ㄊㄚ- ˙ㄉㄜ
女生,ㄋㄩ ㄕㄥ,ㄋㄩˇ ㄕㄥ-
轉圈圈,ㄓㄨㄢ ㄑㄩㄢ ㄑㄩㄢ,ㄓㄨㄢˋ ㄑㄩㄢ- ㄑㄩㄢ-
開車,ㄎㄞ ㄔㄜ,ㄎㄞ- ㄔㄜ-
逛街/買東西,ㄍㄨㄤ ㄐㄧㄝ / ㄇㄞ ㄉㄨㄥ ㄒㄧ,ㄍㄨㄤˋ ㄐㄧㄝ- / ㄇㄞˇ ㄉㄨㄥ- ˙ㄒㄧ
聽音樂,ㄊㄧㄥ ㄧㄣ ㄩㄝ,ㄊㄧㄥ- ㄧㄣ- ㄩㄝˋ
玩遊戲,ㄨㄢ ㄧㄡ ㄒㄧ,ㄨㄢˋ ㄧㄡˊ ㄒㄧˋ
躲貓貓,ㄉㄨㄛ ㄇㄠ ㄇㄠ,ㄉㄨㄛˇ ㄇㄠ- ㄇㄠ-
堆積木,ㄉㄨㄟ ㄐㄧ ㄇㄨ,ㄉㄨㄟ- ㄐㄧ- ㄇㄨˋ
請,ㄑㄧㄥ,ㄑㄧㄥ-
游泳,ㄧㄡ ㄩㄥ,ㄧㄡˊ ㄩㄥˇ
擦,ㄘㄚ,ㄘㄚ-
給,ㄍㄟ,ㄍㄟˇ
畫畫,ㄏㄨㄚ ㄏㄨㄚ,ㄏㄨㄚˋ ㄏㄨㄚˋ
笑,ㄒㄧㄠ,ㄒㄧㄠˋ
快點/快一點,ㄎㄨㄞ ㄉㄧㄢ / ㄎㄨㄞ ㄧ ㄉㄧㄢ,ㄎㄨㄞˋ ㄉㄧㄢˇ / ㄎㄨㄞˋ ㄧ- ㄉㄧㄢˇ
壓,ㄧㄚ,ㄧㄚ-
咬,ㄐㄧㄠ,ㄐㄧㄠ-
撿,ㄐㄧㄢ,ㄐㄧㄢˇ
握手,ㄨㄛ ㄕㄡ,ㄨㄛˋ ㄕㄡˇ
爬,ㄆㄚ,ㄆㄚˊ
掉,ㄉㄧㄠ,ㄉㄧㄠˋ
騎,ㄐㄧ,ㄐㄧˋ
工作/上班,ㄍㄨㄥ ㄗㄨㄛ / ㄕㄤ ㄅㄢ,ㄍㄨㄥ- ㄗㄨㄛˋ / ㄕㄤˋ ㄅㄢ-
切,ㄑㄧㄝ,ㄑㄧㄝ-
流(鼻涕),ㄌㄧㄡ ( ㄅㄧ ㄊㄧ ) ,ㄌㄧㄡˊ ( ㄅㄧˊ ㄊㄧˋ ) 
餵,ㄨㄟ,ㄨㄟˋ
喜歡,ㄒㄧ ㄏㄨㄢ,ㄒㄧˇ ㄏㄨㄢ-
寫,ㄒㄧㄝ,ㄒㄧㄝˇ
摸,ㄇㄛ,ㄇㄛˊ
搖,ㄧㄠ,ㄧㄠˊ
拉,ㄌㄚ,ㄌㄚ-
站,ㄓㄢ,ㄓㄢˋ
說話,ㄕㄨㄛ ㄏㄨㄚ,ㄕㄨㄛ- ㄏㄨㄚˋ
敲,ㄑㄧㄠ,ㄑㄧㄠ-
罵,ㄇㄚ,ㄇㄚˋ
聽,ㄊㄧㄥ,ㄊㄧㄥ-
抓,ㄔㄨㄚ,ㄔㄨㄚˇ
幫忙,ㄅㄤ ㄇㄤ,ㄅㄤ- ㄇㄤˊ
掃地,ㄙㄠ ㄉㄧ,ㄙㄠˇ ㄉㄧˋ
煮,ㄓㄨ,ㄓㄨˇ
放,ㄈㄤ,ㄈㄤˋ
排(東西),ㄆㄞ ( ㄉㄨㄥ ㄒㄧ ) ,ㄆㄞˇ ( ㄉㄨㄥ- ˙ㄒㄧ ) 
叫,ㄐㄧㄠ,ㄐㄧㄠˋ
碰/撞,ㄆㄥ / ㄓㄨㄤ,ㄆㄥˋ / ㄓㄨㄤˋ
停,ㄊㄧㄥ,ㄊㄧㄥˊ
打破,ㄉㄚ ㄆㄛ,ㄉㄚˇ ㄆㄛˋ
討厭,ㄊㄠ ㄧㄢ,ㄊㄠˇ ㄧㄢˋ
踢,ㄊㄧ,ㄊㄧ-
推,ㄊㄨㄟ,ㄊㄨㄟ-
按,ㄢ,ㄢˋ
教我,ㄐㄧㄠ ㄨㄛ,ㄐㄧㄠˋ ㄨㄛˇ
倒,ㄉㄠ,ㄉㄠˋ
想,ㄒㄧㄤ,ㄒㄧㄤˇ
滑,ㄍㄨ,ㄍㄨˇ
搔癢,ㄙㄠ ㄧㄤ,ㄙㄠ- ㄧㄤˇ
巧克力,ㄑㄧㄠ ㄎㄜ ㄌㄧ,ㄑㄧㄠˇ ㄎㄜˋ ㄌㄧˋ
冰淇淋,ㄅㄧㄥ ㄑㄧ ㄌㄧㄣ,ㄅㄧㄥ- ㄑㄧˊ ㄌㄧㄣˊ
蔬菜,ㄕㄨ ㄘㄞ,ㄕㄨ- ㄘㄞˋ
紅(白)蘿蔔,ㄏㄨㄥ ( ㄅㄞ ) ㄌㄨㄛ ㄅㄛ,ㄏㄨㄥˊ ( ㄅㄞˊ ) ㄌㄨㄛˊ ˙ㄅㄛ
果汁,ㄍㄨㄛ ㄓ,ㄍㄨㄛˇ ㄓ-
糖,ㄊㄤ,ㄊㄤˊ
薯條,ㄕㄨ ㄊㄧㄠ,ㄕㄨˇ ㄊㄧㄠˊ
芭樂,ㄅㄚ ㄌㄜ,ㄅㄚ- ㄌㄜˋ
水果,ㄕㄨㄟ ㄍㄨㄛ,ㄕㄨㄟˇ ㄍㄨㄛˇ
橘子,ㄐㄩ ㄗ,ㄐㄩˊ ˙ㄗ
蕃茄,ㄈㄢ ㄐㄧㄚ,ㄈㄢ- ㄐㄧㄚ-
柳丁,ㄌㄧㄡ ㄉㄧㄥ,ㄌㄧㄡˇ ㄉㄧㄥ-
茶,ㄔㄚ,ㄔㄚˊ
水餃,ㄕㄨㄟ ㄐㄧㄠ,ㄕㄨㄟˇ ㄐㄧㄠˇ
稀飯,ㄒㄧ ㄈㄢ,ㄒㄧ- ㄈㄢˋ
葡萄乾,ㄆㄨ ㄊㄠ ㄍㄢ,ㄆㄨˊ ㄊㄠˊ ㄍㄢ-
棒棒糖,ㄅㄤ ㄅㄤ ㄊㄤ,ㄅㄤˋ ㄅㄤˋ ㄊㄤˊ
果凍,ㄍㄨㄛ ㄉㄨㄥ,ㄍㄨㄛˇ ㄉㄨㄥˋ
豆漿,ㄉㄡ ㄐㄧㄤ,ㄉㄡˋ ㄐㄧㄤ-
飲料,ㄧㄣ ㄌㄧㄠ,ㄧㄣˇ ㄌㄧㄠˋ
饅頭,ㄇㄢ ㄊㄡ,ㄇㄢˊ ˙ㄊㄡ
木瓜,ㄇㄨ ㄍㄨㄚ,ㄇㄨˋ ㄍㄨㄚ-
土司,ㄊㄨ ㄙ,ㄊㄨˇ ㄙ-
花生,ㄏㄨㄚ ㄕㄥ,ㄏㄨㄚ- ㄕㄥ-
漢堡,ㄏㄢ ㄅㄠ,ㄏㄢˋ ㄅㄠˇ
汽水,ㄑㄧ ㄕㄨㄟ,ㄑㄧˋ ㄕㄨㄟˇ
甜甜圈,ㄊㄧㄢ ㄊㄧㄢ ㄑㄩㄢ,ㄊㄧㄢˊ ㄊㄧㄢˊ ㄑㄩㄢ-
雞肉,ㄐㄧ ㄖㄡ,ㄐㄧ- ㄖㄡˋ
包子,ㄅㄠ ㄗ,ㄅㄠ- ˙ㄗ
香腸,ㄒㄧㄤ ㄔㄤ,ㄒㄧㄤ- ㄔㄤˊ
櫻桃,ㄧㄥ ㄊㄠ,ㄧㄥ- ㄊㄠˊ
咖啡,ㄎㄚ ㄈㄟ,ㄎㄚ- ㄈㄟ-
奶茶,ㄋㄞ ㄔㄚ,ㄋㄞˇ ㄔㄚˊ
猴子,ㄏㄡ ㄗ,ㄏㄡˊ ˙ㄗ
老虎,ㄌㄠ ㄏㄨ,ㄌㄠˇ ㄏㄨˇ
青蛙,ㄑㄧㄥ ㄨㄚ,ㄑㄧㄥ- ㄨㄚ-
螞蟻,ㄇㄚ ㄧ,ㄇㄚˇ ㄧˇ
企鵝,ㄑㄧ ㄜ,ㄑㄧˋ ㄜˊ
蚊子,ㄨㄣ ㄗ,ㄨㄣˊ ˙ㄗ
老鼠,ㄌㄠ ㄕㄨ,ㄌㄠˇ ㄕㄨˇ
烏龜,ㄨ ㄍㄨㄟ,ㄨ- ㄍㄨㄟ-
小雞,ㄒㄧㄠ ㄐㄧ,ㄒㄧㄠˇ ㄐㄧ-
長頸鹿,ㄓㄤ ㄐㄧㄥ ㄌㄨ,ㄓㄤˋ ㄐㄧㄥˇ ㄌㄨˋ
蝦子,ㄒㄧㄚ ㄗ,ㄒㄧㄚ- ˙ㄗ
獅子,ㄕ ㄗ,ㄕ- ˙ㄗ
螃蟹,ㄆㄤ ㄒㄧㄝ,ㄆㄤˊ ㄒㄧㄝˋ
蜜蜂(ㄨㄥㄨㄥ),ㄇㄧ ㄈㄥ ( ㄨ ㄥ ㄨ ㄥ ) ,ㄇㄧˋ ㄈㄥ- ( ㄨ ㄥ ㄨ ㄥ ) 
蛇,ㄧ,ㄧˊ
蟑螂,ㄓㄤ ㄌㄤ,ㄓㄤ- ㄌㄤˊ
蝸牛,ㄍㄨㄚ ㄋㄧㄡ,ㄍㄨㄚ- ㄋㄧㄡˊ
斑馬,ㄅㄢ ㄇㄚ,ㄅㄢ- ㄇㄚˇ
鱷魚,ㄜ ㄩ,ㄜˋ ㄩˊ
河馬,ㄏㄜ ㄇㄚ,ㄏㄜˊ ㄇㄚˇ
蜘蛛,ㄓ ㄓㄨ,ㄓ- ㄓㄨ-
毛毛蟲,ㄇㄠ ㄇㄠ ㄔㄨㄥ,ㄇㄠˊ ˙ㄇㄠ ㄔㄨㄥˊ
海豚,ㄏㄞ ㄊㄨㄣ,ㄏㄞˇ ㄊㄨㄣˊ
公雞,ㄍㄨㄥ ㄐㄧ,ㄍㄨㄥ- ㄐㄧ-
狼(大野狼),ㄌㄤ ( ㄉㄞ ㄧㄝ ㄌㄤ ) ,ㄌㄤˊ ( ㄉㄞˋ ㄧㄝˇ ㄌㄤˊ ) 
綿羊,ㄇㄧㄢ ㄧㄤ,ㄇㄧㄢˊ ㄧㄤˊ
蛤蠣(貝殼),ㄍㄜ ㄌㄧ ( ㄅㄟ ㄎㄜ ) ,ㄍㄜˊ ㄌㄧˋ ( ㄅㄟˋ ㄎㄜˊ ) 
月亮,ㄩㄝ ㄌㄧㄤ,ㄩㄝˋ ㄌㄧㄤˋ
星星,ㄒㄧㄥ ㄒㄧㄥ,ㄒㄧㄥ- ˙ㄒㄧㄥ
太陽,ㄊㄞ ㄧㄤ,ㄊㄞˋ ㄧㄤˊ
石頭,ㄕ ㄊㄡ,ㄕˊ ˙ㄊㄡ
葉子,ㄧㄝ ㄗ,ㄧㄝˋ ˙ㄗ
鞦韆,ㄑㄧㄡ ㄑㄧㄢ,ㄑㄧㄡ- ㄑㄧㄢ-
紅綠燈,ㄏㄨㄥ ㄌㄩ ㄉㄥ,ㄏㄨㄥˊ ㄌㄩˋ ㄉㄥ-
翹翹板,ㄑㄧㄠ ㄑㄧㄠ ㄅㄢ,ㄑㄧㄠˋ ㄑㄧㄠˋ ㄅㄢˇ
草,ㄘㄠ,ㄘㄠˇ
風,ㄈㄥ,ㄈㄥˋ
馬路,ㄇㄚ ㄌㄨ,ㄇㄚˇ ㄌㄨˋ
風箏,ㄈㄥ ㄓㄥ,ㄈㄥ- ㄓㄥ-
沙子,ㄕㄚ ㄗ,ㄕㄚ- ˙ㄗ
船,ㄔㄨㄢ,ㄔㄨㄢˊ
公車(巴士),ㄍㄨㄥ ㄔㄜ ( ㄅㄚ ㄕ ) ,ㄍㄨㄥ- ㄔㄜ- ( ㄅㄚ- ㄕˋ ) 
怪手(挖土機),ㄍㄨㄞ ㄕㄡ ( ㄨㄚ ㄊㄨ ㄐㄧ ) ,ㄍㄨㄞˋ ㄕㄡˇ ( ㄨㄚ- ㄊㄨˇ ㄐㄧ- ) 
救護車,ㄐㄧㄡ ㄏㄨ ㄔㄜ,ㄐㄧㄡˋ ㄏㄨˋ ㄔㄜ-
娃娃車(手推車),ㄨㄚ ㄨㄚ ㄔㄜ ( ㄕㄡ ㄊㄨㄟ ㄔㄜ ) ,ㄨㄚˊ ˙ㄨㄚ ㄔㄜ- ( ㄕㄡˇ ㄊㄨㄟ- ㄔㄜ- ) 
卡車,ㄎㄚ ㄔㄜ,ㄎㄚˇ ㄔㄜ-
計程車,ㄐㄧ ㄔㄥ ㄔㄜ,ㄐㄧˋ ㄔㄥˊ ㄔㄜ-
消防車,ㄒㄧㄠ ㄈㄤ ㄔㄜ,ㄒㄧㄠ- ㄈㄤˊ ㄔㄜ-
貼紙,ㄊㄧㄝ ㄓ,ㄊㄧㄝ- ㄓˇ
積木,ㄐㄧ ㄇㄨ,ㄐㄧ- ㄇㄨˋ
鉛筆,ㄑㄧㄢ ㄅㄧ,ㄑㄧㄢ- ㄅㄧˇ
拼圖,ㄆㄧㄣ ㄊㄨ,ㄆㄧㄣ- ㄊㄨˊ
彩色筆,ㄘㄞ ㄙㄜ ㄅㄧ,ㄘㄞˇ ㄙㄜˋ ㄅㄧˇ
機器人,ㄐㄧ ㄑㄧ ㄖㄣ,ㄐㄧ- ㄑㄧˋ ㄖㄣˊ
蠟筆,ㄌㄚ ㄅㄧ,ㄌㄚˋ ㄅㄧˇ
鼓,ㄍㄨ,ㄍㄨˇ
拖鞋,ㄊㄨㄛ ㄒㄧㄝ,ㄊㄨㄛ- ㄒㄧㄝˊ
夾克(外套),ㄐㄧㄚ ㄎㄜ ( ㄨㄞ ㄊㄠ ) ,ㄐㄧㄚˊ ㄎㄜˋ ( ㄨㄞˋ ㄊㄠˋ ) 
扣子,ㄎㄡ ㄗ,ㄎㄡˋ ˙ㄗ
背心,ㄅㄟ ㄒㄧㄣ,ㄅㄟˋ ㄒㄧㄣ-
拉鍊,ㄌㄚ ㄌㄧㄢ,ㄌㄚ- ㄌㄧㄢˋ
安全帽,ㄢ ㄑㄩㄢ ㄇㄠ,ㄢ- ㄑㄩㄢˊ ㄇㄠˋ
手套,ㄕㄡ ㄊㄠ,ㄕㄡˇ ㄊㄠˋ
衣物,ㄧ ㄨ,ㄧ- ㄨˋ
內褲(三角褲),ㄋㄚ ㄎㄨ ( ㄙㄢ ㄐㄧㄠ ㄎㄨ ) ,ㄋㄚˋ ㄎㄨˋ ( ㄙㄢ- ㄐㄧㄠˇ ㄎㄨˋ ) 
圍兜(兜),ㄨㄟ ㄉㄡ ( ㄉㄡ ) ,ㄨㄟˊ ㄉㄡ- ( ㄉㄡ- ) 
口罩,ㄎㄡ ㄓㄠ,ㄎㄡˇ ㄓㄠˋ
涼鞋,ㄌㄧㄤ ㄒㄧㄝ,ㄌㄧㄤˊ ㄒㄧㄝˊ
長褲,ㄓㄤ ㄎㄨ,ㄓㄤˋ ㄎㄨˋ
裙子,ㄑㄩㄣ ㄗ,ㄑㄩㄣˊ ˙ㄗ
布鞋(運動鞋),ㄅㄨ ㄒㄧㄝ ( ㄩㄣ ㄉㄨㄥ ㄒㄧㄝ ) ,ㄅㄨˋ ㄒㄧㄝˊ ( ㄩㄣˋ ㄉㄨㄥˋ ㄒㄧㄝˊ ) 
肚臍,ㄉㄨ ㄑㄧ,ㄉㄨˋ ㄑㄧˊ
手指(手指頭),ㄕㄡ ㄓ ( ㄕㄡ ㄓ ㄊㄡ ) ,ㄕㄡˇ ㄓˇ ( ㄕㄡˇ ㄓˇ ㄊㄡˊ ) 
小ㄐㄐ/小鳥(生殖器),ㄒㄧㄠ ㄐ ㄐ / ㄒㄧㄠ ㄋㄧㄠ ( ㄕㄥ ㄓ ㄑㄧ ) ,ㄒㄧㄠˇ ㄐ ㄐ / ㄒㄧㄠˇ ㄋㄧㄠˇ ( ㄕㄥ- ㄓˊ ㄑㄧˋ ) 
眉毛,ㄇㄟ ㄇㄠ,ㄇㄟˊ ㄇㄠˊ
脖子,ㄅㄛ ㄗ,ㄅㄛˊ ˙ㄗ
舌頭,ㄕㄜ ㄊㄡ,ㄕㄜˊ ˙ㄊㄡ
指甲,ㄓ ㄐㄧㄚ,ㄓˇ ˙ㄐㄧㄚ
背,ㄅㄟ,ㄅㄟ-
廁所,ㄘㄜ ㄙㄨㄛ,ㄘㄜˋ ㄙㄨㄛˇ
樓梯,ㄌㄡ ㄊㄧ,ㄌㄡˊ ㄊㄧ-
電腦,ㄉㄧㄢ ㄋㄠ,ㄉㄧㄢˋ ㄋㄠˇ
房間,ㄈㄤ ㄐㄧㄢ,ㄈㄤˊ ㄐㄧㄢ-
馬桶,ㄇㄚ ㄊㄨㄥ,ㄇㄚˇ ㄊㄨㄥˇ
窗戶,ㄔㄨㄤ ㄏㄨ,ㄔㄨㄤ- ˙ㄏㄨ
廚房,ㄔㄨ ㄈㄤ,ㄔㄨˊ ㄈㄤˊ
電梯,ㄉㄧㄢ ㄊㄧ,ㄉㄧㄢˋ ㄊㄧ-
客廳,ㄎㄜ ㄊㄧㄥ,ㄎㄜˋ ㄊㄧㄥ-
抽屜,ㄔㄡ ㄊㄧ,ㄔㄡ- ˙ㄊㄧ
洗衣機,ㄒㄧㄢ ㄧ ㄐㄧ,ㄒㄧㄢˇ ㄧˋ ㄐㄧ-
地板,ㄉㄧ ㄅㄢ,ㄉㄧˋ ㄅㄢˇ
浴室,ㄩ ㄕ,ㄩˋ ㄕˋ
沙發,ㄕㄚ ㄈㄚ,ㄕㄚ- ㄈㄚ-
筷子,ㄎㄨㄞ ㄗ,ㄎㄨㄞˋ ˙ㄗ
電燈,ㄉㄧㄢ ㄉㄥ,ㄉㄧㄢˋ ㄉㄥ-
紙,ㄓ,ㄓˇ
毛巾,ㄇㄠ ㄐㄧㄣ,ㄇㄠˊ ㄐㄧㄣ-
梳子,ㄕㄨ ㄗ,ㄕㄨ- ˙ㄗ
冰箱,ㄅㄧㄥ ㄒㄧㄤ,ㄅㄧㄥ- ㄒㄧㄤ-
剪刀,ㄐㄧㄢ ㄉㄠ,ㄐㄧㄢˇ ㄉㄠ-
皮包,ㄆㄧ ㄅㄠ,ㄆㄧˊ ㄅㄠ-
電風扇,ㄉㄧㄢ ㄈㄥ ㄕㄢ,ㄉㄧㄢˋ ㄈㄥ- ㄕㄢˋ
垃圾,ㄌㄜ ㄙㄜ,ㄌㄜˋ ㄙㄜˋ
遙控器,ㄧㄠ ㄎㄨㄥ ㄑㄧ,ㄧㄠˊ ㄎㄨㄥˋ ㄑㄧˋ
鏡子,ㄐㄧㄥ ㄗ,ㄐㄧㄥˋ ˙ㄗ
照片,ㄓㄠ ㄆㄧㄢ,ㄓㄠˋ ㄆㄧㄢˋ
牙膏,ㄧㄚ ㄍㄠ,ㄧㄚˊ ㄍㄠ-
相機,ㄒㄧㄤ ㄐㄧ,ㄒㄧㄤˋ ㄐㄧ-
掃把,ㄙㄠ ㄅㄚ,ㄙㄠˋ ㄅㄚˇ
吹風機,ㄔㄨㄟ ㄈㄥ ㄐㄧ,ㄔㄨㄟ- ㄈㄥ- ㄐㄧ-
時鐘(鬧鐘),ㄕ ㄓㄨㄥ ( ㄋㄠ ㄓㄨㄥ ) ,ㄕˊ ㄓㄨㄥ- ( ㄋㄠˋ ㄓㄨㄥ- ) 
袋子,ㄉㄞ ㄗ,ㄉㄞˋ ˙ㄗ
肥皂,ㄈㄟ ㄗㄠ,ㄈㄟˊ ㄗㄠˋ
書包,ㄕㄨ ㄅㄠ,ㄕㄨ- ㄅㄠ-
冷氣,ㄌㄥ ㄑㄧ,ㄌㄥˇ ㄑㄧˋ
光碟(CD或DVD),ㄍㄨㄤ ㄉㄧㄝ ( C D ㄏㄨㄛ D V D ) ,ㄍㄨㄤ- ㄉㄧㄝˊ ( C D ㄏㄨㄛˋ D V D ) 
刀子,ㄉㄠ ㄗ,ㄉㄠ- ˙ㄗ
盤子,ㄆㄢ ㄗ,ㄆㄢˊ ˙ㄗ
叉子,ㄔㄚ ㄗ,ㄔㄚ- ˙ㄗ
銅板(零錢),ㄊㄨㄥ ㄅㄢ ( ㄌㄧㄥ ㄑㄧㄢ ) ,ㄊㄨㄥˊ ㄅㄢˇ ( ㄌㄧㄥˊ ㄑㄧㄢˊ ) 
水壺,ㄕㄨㄟ ㄏㄨ,ㄕㄨㄟˇ ㄏㄨˊ
瓶子,ㄆㄧㄥ ㄗ,ㄆㄧㄥˊ ˙ㄗ
髒髒的/骯髒的,ㄗㄤ ㄗㄤ ㄉㄜ / ㄤ ㄗㄤ ㄉㄜ,ㄗㄤˇ ㄗㄤˇ ˙ㄉㄜ / ㄤ- ㄗㄤ- ˙ㄉㄜ
想睡覺,ㄒㄧㄤ ㄕㄨㄟ ㄐㄩㄝ,ㄒㄧㄤˇ ㄕㄨㄟˋ ㄐㄩㄝˊ
亮亮的,ㄌㄧㄤ ㄌㄧㄤ ㄉㄜ,ㄌㄧㄤˋ ㄌㄧㄤˋ ˙ㄉㄜ
冰冰的,ㄅㄧㄥ ㄅㄧㄥ ㄉㄜ,ㄅㄧㄥ- ㄅㄧㄥ- ˙ㄉㄜ
破了/破掉了,ㄆㄛ ㄌㄜ / ㄆㄛ ㄉㄧㄠ ㄌㄜ,ㄆㄛˋ ˙ㄌㄜ / ㄆㄛˋ ㄉㄧㄠˋ ˙ㄌㄜ
好漂亮/漂亮的,ㄏㄠ ㄆㄧㄠ ㄌㄧㄤ / ㄆㄧㄠ ㄌㄧㄤ ㄉㄜ,ㄏㄠˇ ㄆㄧㄠˋ ˙ㄌㄧㄤ / ㄆㄧㄠˋ ˙ㄌㄧㄤ ˙ㄉㄜ
不乖,ㄅㄨ ㄍㄨㄞ,ㄅㄨˋ ㄍㄨㄞ-
好辣/辣辣的,ㄏㄠ ㄌㄚ / ㄌㄚ ㄌㄚ ㄉㄜ,ㄏㄠˇ ㄌㄚˋ / ㄌㄚˋ ㄌㄚˋ ˙ㄉㄜ
餓了/好餓,ㄜ ㄌㄜ / ㄏㄠ ㄜ,ㄜˋ ˙ㄌㄜ / ㄏㄠˇ ㄜˋ
好可愛/可愛的,ㄏㄠ ㄎㄜ ㄞ / ㄎㄜ ㄞ ㄉㄜ,ㄏㄠˇ ㄎㄜˇ ㄞˋ / ㄎㄜˇ ㄞˋ ˙ㄉㄜ
飽了/好飽,ㄅㄠ ㄌㄜ / ㄏㄠ ㄅㄠ,ㄅㄠˇ ˙ㄌㄜ / ㄏㄠˇ ㄅㄠˇ
好香/香香的,ㄏㄠ ㄒㄧㄤ / ㄒㄧㄤ ㄒㄧㄤ ㄉㄜ,ㄏㄠˇ ㄒㄧㄤ- / ㄒㄧㄤ- ㄒㄧㄤ- ˙ㄉㄜ
大的,ㄉㄞ ㄉㄜ,ㄉㄞˋ ˙ㄉㄜ
好冷/冷冷的,ㄏㄠ ㄌㄥ / ㄌㄥ ㄌㄥ ㄉㄜ,ㄏㄠˇ ㄌㄥˇ / ㄌㄥˇ ㄌㄥˇ ˙ㄉㄜ
睡著了,ㄕㄨㄟ ㄓㄠ ㄌㄜ,ㄕㄨㄟˋ ㄓㄠˊ ˙ㄌㄜ
快一點,ㄎㄨㄞ ㄧ ㄉㄧㄢ,ㄎㄨㄞˋ ㄧ- ㄉㄧㄢˇ
小的,ㄒㄧㄠ ㄉㄜ,ㄒㄧㄠˇ ˙ㄉㄜ
小心,ㄒㄧㄠ ㄒㄧㄣ,ㄒㄧㄠˇ ㄒㄧㄣ-
好重/重重的,ㄏㄠ ㄔㄨㄥ / ㄓㄨㄥ ㄓㄨㄥ ㄉㄜ,ㄏㄠˇ ㄔㄨㄥˊ / ㄓㄨㄥˋ ㄓㄨㄥˋ ˙ㄉㄜ
口渴了/好渴,ㄎㄡ ㄎㄜ ㄌㄜ / ㄏㄠ ㄏㄜ,ㄎㄡˇ ㄎㄜˇ ˙ㄌㄜ / ㄏㄠˇ ㄏㄜˊ
甜甜的,ㄊㄧㄢ ㄊㄧㄢ ㄉㄜ,ㄊㄧㄢˊ ㄊㄧㄢˊ ˙ㄉㄜ
紅紅的/紅色的,ㄏㄨㄥ ㄏㄨㄥ ㄉㄜ / ㄏㄨㄥ ㄙㄜ ㄉㄜ,ㄏㄨㄥˊ ㄏㄨㄥˊ ˙ㄉㄜ / ㄏㄨㄥˊ ㄙㄜˋ ˙ㄉㄜ
好高/高高的,ㄏㄠ ㄍㄠ / ㄍㄠ ㄍㄠ ㄉㄜ,ㄏㄠˇ ㄍㄠ- / ㄍㄠ- ㄍㄠ- ˙ㄉㄜ
生病了,ㄕㄥ ㄅㄧㄥ ㄌㄜ,ㄕㄥ- ㄅㄧㄥˋ ˙ㄌㄜ
黑色的/黑黑的,ㄏㄟ ㄙㄜ ㄉㄜ / ㄏㄟ ㄏㄟ ㄉㄜ,ㄏㄟ- ㄙㄜˋ ˙ㄉㄜ / ㄏㄟ- ㄏㄟ- ˙ㄉㄜ
圓的/圓形的,ㄩㄢ ㄉㄜ / ㄩㄢ ㄒㄧㄥ ㄉㄜ,ㄩㄢˊ ˙ㄉㄜ / ㄩㄢˊ ㄒㄧㄥˊ ˙ㄉㄜ
大聲,ㄉㄚ ㄕㄥ,ㄉㄚˋ ㄕㄥ-
好酸/酸酸的,ㄏㄠ ㄙㄨㄢ / ㄙㄨㄢ ㄙㄨㄢ ㄉㄜ,ㄏㄠˇ ㄙㄨㄢ- / ㄙㄨㄢ- ㄙㄨㄢ- ˙ㄉㄜ
生氣的,ㄕㄥ ㄑㄧ ㄉㄜ,ㄕㄥ- ㄑㄧˋ ˙ㄉㄜ
太多了,ㄊㄞ ㄉㄨㄛ ㄌㄜ,ㄊㄞˋ ㄉㄨㄛˊ ˙ㄌㄜ
好累/累了,ㄏㄠ ㄌㄟ / ㄌㄟ ㄌㄜ,ㄏㄠˇ ㄌㄟˇ / ㄌㄟˇ ˙ㄌㄜ
壞的,ㄏㄨㄞ ㄉㄜ,ㄏㄨㄞˋ ˙ㄉㄜ
好的,ㄏㄠ ㄉㄜ,ㄏㄠˇ ˙ㄉㄜ
一樣的,ㄧ ㄧㄤ ㄉㄜ,ㄧ- ㄧㄤˋ ˙ㄉㄜ
好多,ㄏㄠ ㄉㄨㄛ,ㄏㄠˇ ㄉㄨㄛ-
沒半個/沒有,ㄇㄛ ㄅㄢ ㄍㄜ / ㄇㄟ ㄧㄡ,ㄇㄛˋ ㄅㄢˋ ˙ㄍㄜ / ㄇㄟˊ ㄧㄡˇ
那個,ㄋㄚ ㄍㄜ,ㄋㄚˇ ˙ㄍㄜ
還有,ㄏㄞ ㄧㄡ,ㄏㄞˊ ㄧㄡˇ
很多,ㄏㄣ ㄉㄨㄛ,ㄏㄣˇ ㄉㄨㄛˊ
在那裡,ㄗㄞ ㄋㄚ ㄌㄧ,ㄗㄞˋ ㄋㄚˇ ㄌㄧˇ
上面,ㄕㄤ ㄇㄧㄢ,ㄕㄤˋ ˙ㄇㄧㄢ
後面,ㄏㄡ ㄇㄧㄢ,ㄏㄡˋ ㄇㄧㄢˋ
前面,ㄑㄧㄢ ㄇㄧㄢ,ㄑㄧㄢˊ ㄇㄧㄢˋ
外面,ㄨㄞ ㄇㄧㄢ,ㄨㄞˋ ㄇㄧㄢˋ
裡面,ㄌㄧ ㄇㄧㄢ,ㄌㄧˇ ㄇㄧㄢˋ
下面,ㄒㄧㄚ ㄇㄧㄢ,ㄒㄧㄚˋ ㄇㄧㄢˋ
到…某個地方,ㄉㄠ … ㄇㄡ ㄍㄜ ㄉㄧ ㄈㄤ,ㄉㄠˋ … ㄇㄡˇ ㄍㄜˋ ㄉㄧˋ ˙ㄈㄤ
在…裡面,ㄗㄞ … ㄌㄧ ㄇㄧㄢ,ㄗㄞˋ … ㄌㄧˇ ㄇㄧㄢˋ
旁邊,ㄆㄤ ㄅㄧㄢ,ㄆㄤˊ ㄅㄧㄢ-
家,ㄐㄧㄚ,ㄐㄧㄚ-
7-11(任何便利商店), 7  1 1 ( ㄖㄣ ㄏㄜ ㄅㄧㄢ ㄌㄧ ㄕㄤ ㄉㄧㄢ ) , 7 - 1 1 ( ㄖㄣˋ ㄏㄜˊ ㄅㄧㄢˋ ㄌㄧˋ ㄕㄤ- ㄉㄧㄢˋ ) 
公園,ㄍㄨㄥ ㄩㄢ,ㄍㄨㄥ- ㄩㄢˊ
學校/幼稚園,ㄒㄩㄝ ㄒㄧㄠ / ㄧㄡ ㄓ ㄩㄢ,ㄒㄩㄝˊ ㄒㄧㄠˋ / ㄧㄡˋ ㄓˋ ㄩㄢˊ
**的家, * * ㄉㄜ ㄐㄧㄚ, * * ˙ㄉㄜ ㄐㄧㄚ-
房子,ㄈㄤ ㄗ,ㄈㄤˊ ˙ㄗ
醫院(或診所),ㄧ ㄩㄢ ( ㄏㄨㄛ ㄓㄣ ㄙㄨㄛ ) ,ㄧ- ㄩㄢˋ ( ㄏㄨㄛˋ ㄓㄣˇ ㄙㄨㄛˇ ) 
加油站,ㄐㄧㄚ ㄧㄡ ㄓㄢ,ㄐㄧㄚ- ㄧㄡˊ ㄓㄢˋ
菜市場,ㄘㄞ ㄕ ㄔㄤ,ㄘㄞˋ ㄕˋ ㄔㄤˊ
動物園,ㄉㄨㄥ ㄨ ㄩㄢ,ㄉㄨㄥˋ ㄨˋ ㄩㄢˊ
等一下,ㄉㄥ ㄧ ㄒㄧㄚ,ㄉㄥˇ ㄧ- ㄒㄧㄚˋ
完了(結束的意思),ㄨㄢ ㄌㄧㄠ ( ㄐㄧㄝ ㄕㄨ ㄉㄜ ㄧ ㄙ ) ,ㄨㄢˊ ㄌㄧㄠˇ ( ㄐㄧㄝˊ ㄕㄨˋ ˙ㄉㄜ ㄧˋ ˙ㄙ ) 
晚上,ㄨㄢ ㄕㄤ,ㄨㄢˇ ˙ㄕㄤ
開始,ㄎㄞ ㄕ,ㄎㄞ- ㄕˇ
先,ㄒㄧㄢ,ㄒㄧㄢ-
今天,ㄐㄧㄣ ㄊㄧㄢ,ㄐㄧㄣ- ㄊㄧㄢ-
早上,ㄗㄠ ㄕㄤ,ㄗㄠˇ ˙ㄕㄤ
什麼？,ㄕ ㄇㄚ ？ ,ㄕˊ ˙ㄇㄚ ？ 
哪裡？,ㄋㄚ ㄌㄧ ？ ,˙ㄋㄚ ㄌㄧˇ ？ 
誰？,ㄕㄟ ？ ,ㄕㄟˊ ？ 
咦？,ㄧ ？ ,ㄧˊ ？ 
好不好？,ㄏㄠ ㄅㄨ ㄏㄠ ？ ,ㄏㄠˇ ㄅㄨˋ ㄏㄠˇ ？ 
嗎(對嗎/好嗎/是嗎),ㄇㄚ ( ㄉㄨㄟ ㄇㄚ / ㄏㄠ ㄇㄚ / ㄕ ㄇㄚ ) ,˙ㄇㄚ ( ㄉㄨㄟˋ ˙ㄇㄚ / ㄏㄠˇ ˙ㄇㄚ / ㄕˋ ˙ㄇㄚ ) 
為什麼？,ㄨㄟ ㄕ ㄇㄚ ？ ,ㄨㄟˋ ㄕˊ ˙ㄇㄚ ？ 
怎麼(辦)？,ㄗㄣ ㄇㄜ ( ㄅㄢ ) ？ ,ㄗㄣˇ ˙ㄇㄜ ( ㄅㄢˋ ) ？ 
和,ㄏㄢ,ㄏㄢˋ
姑丈,ㄍㄨ ㄓㄤ,ㄍㄨ- ㄓㄤˋ
老闆,ㄌㄠ ㄅㄢ,ㄌㄠˇ ㄅㄢˇ
別人,ㄅㄧㄝ ㄖㄣ,ㄅㄧㄝˊ ㄖㄣˊ
大家,ㄉㄚ ㄐㄧㄚ,ㄉㄚˋ ㄐㄧㄚ-
我們的,ㄨㄛ ㄇㄣ ㄉㄜ,ㄨㄛˇ ˙ㄇㄣ ˙ㄉㄜ
朋友,ㄆㄥ ㄧㄡ,ㄆㄥˊ ㄧㄡˇ
護士,ㄏㄨ ㄕ,ㄏㄨˋ ㄕˋ
你們,ㄋㄧ ㄇㄣ,ㄋㄧˇ ˙ㄇㄣ
郵差,ㄧㄡ ㄔㄞ,ㄧㄡˊ ㄔㄞ-
小姐,ㄒㄧㄠ ㄐㄧㄝ,ㄒㄧㄠˇ ㄐㄧㄝˇ
嬸嬸,ㄕㄣ ㄕㄣ,ㄕㄣˇ ˙ㄕㄣ
你們的,ㄋㄧ ㄇㄣ ㄉㄜ,ㄋㄧˇ ˙ㄇㄣ ˙ㄉㄜ
他們,ㄊㄚ ㄇㄣ,ㄊㄚ- ˙ㄇㄣ
司機,ㄙ ㄐㄧ,ㄙ- ㄐㄧ-
他們的,ㄊㄚ ㄇㄣ ㄉㄜ,ㄊㄚ- ˙ㄇㄣ ˙ㄉㄜ
褓母(奶媽),ㄅㄠ ㄇㄨ ( ㄋㄞ ㄇㄚ ) ,ㄅㄠˇ ㄇㄨˇ ( ㄋㄞˇ ㄇㄚ- ) 
早餐,ㄗㄠ ㄘㄢ,ㄗㄠˇ ㄘㄢ-
晚餐,ㄨㄢ ㄘㄢ,ㄨㄢˇ ㄘㄢ-
午餐,ㄨ ㄘㄢ,ㄨˇ ㄘㄢ-
捏,ㄋㄧㄝ,ㄋㄧㄝ-
蹲,ㄘㄨㄣ,ㄘㄨㄣˊ
撕,ㄙ,ㄙ-
忘記,ㄨㄤ ㄐㄧ,ㄨㄤˋ ㄐㄧˋ
帶,ㄉㄞ,ㄉㄞˋ
綁,ㄅㄤ,ㄅㄤˇ
告訴,ㄍㄠ ㄙㄨ,ㄍㄠˋ ˙ㄙㄨ
夾,ㄐㄧㄚ,ㄐㄧㄚˊ
裝,ㄓㄨㄤ,ㄓㄨㄤ-
藏,ㄘㄤ,ㄘㄤˊ
聞,ㄨㄣ,ㄨㄣˊ
拔,ㄅㄚ,ㄅㄚˊ
吞,ㄊㄨㄣ,ㄊㄨㄣ-
數數,ㄕㄨ ㄕㄨ,ㄕㄨˇ ㄕㄨˋ
曬, 曬 , 曬 
拆,ㄔㄞ,ㄔㄞ-
投,ㄊㄡ,ㄊㄡˊ
假裝,ㄐㄧㄚ ㄓㄨㄤ,ㄐㄧㄚˇ ㄓㄨㄤ-
記,ㄐㄧ,ㄐㄧˋ
以為,ㄧ ㄨㄟ,ㄧˇ ㄨㄟˊ
披薩,ㄆㄧ ㄙㄚ,ㄆㄧ- ㄙㄚˋ
可樂,ㄎㄜ ㄌㄜ,ㄎㄜˇ ㄌㄜˋ
蛋餅,ㄉㄢ ㄅㄧㄥ,ㄉㄢˋ ㄅㄧㄥˇ
醬油,ㄐㄧㄤ ㄧㄡ,ㄐㄧㄤˋ ㄧㄡˊ
雞塊,ㄐㄧ ㄎㄨㄞ,ㄐㄧ- ㄎㄨㄞˋ
三明治,ㄙㄢ ㄇㄧㄥ ㄓ,ㄙㄢ- ㄇㄧㄥˊ ㄓˋ
爆米花,ㄅㄛ ㄇㄧ ㄏㄨㄚ,ㄅㄛˊ ㄇㄧˇ ㄏㄨㄚ-
梨子,ㄌㄧ ㄗ,ㄌㄧˊ ˙ㄗ
冰棒,ㄅㄧㄥ ㄅㄤ,ㄅㄧㄥ- ㄅㄤˋ
口香糖,ㄎㄡ ㄒㄧㄤ ㄊㄤ,ㄎㄡˇ ㄒㄧㄤ- ㄊㄤˊ
奇異果,ㄑㄧ ㄧ ㄍㄨㄛ,ㄑㄧˊ ㄧˋ ㄍㄨㄛˇ
豆子,ㄉㄡ ㄗ,ㄉㄡˋ ˙ㄗ
檸檬,ㄋㄧㄥ ㄇㄥ,ㄋㄧㄥˊ ㄇㄥˊ
果醬,ㄍㄨㄛ ㄐㄧㄤ,ㄍㄨㄛˇ ㄐㄧㄤˋ
蕃茄醬,ㄈㄢ ㄐㄧㄚ ㄐㄧㄤ,ㄈㄢ- ㄐㄧㄚ- ㄐㄧㄤˋ
點心,ㄉㄧㄢ ㄒㄧㄣ,ㄉㄧㄢˇ ㄒㄧㄣ-
香瓜(哈密瓜),ㄒㄧㄤ ㄍㄨㄚ ( ㄏㄚ ㄇㄧ ㄍㄨㄚ ) ,ㄒㄧㄤ- ㄍㄨㄚ- ( ㄏㄚˇ ㄇㄧˋ ㄍㄨㄚ- ) 
起司(乳酪),ㄑㄧ ㄙ ( ㄖㄨ ㄌㄨㄛ ) ,ㄑㄧˇ ㄙ- ( ㄖㄨˇ ㄌㄨㄛˋ ) 
火腿,ㄏㄨㄛ ㄊㄨㄟ,ㄏㄨㄛˇ ㄊㄨㄟˇ
馬鈴薯,ㄇㄚ ㄌㄧㄥ ㄕㄨ,ㄇㄚˇ ㄌㄧㄥˊ ㄕㄨˇ
洋芋片,ㄧㄤ ㄩ ㄆㄧㄢ,ㄧㄤˊ ㄩˋ ㄆㄧㄢˋ
食物,ㄕ ㄨ,ㄕˊ ㄨˋ
菠菜,ㄅㄛ ㄘㄞ,ㄅㄛ- ㄘㄞˋ
南瓜,ㄋㄢ ㄍㄨㄚ,ㄋㄢˊ ㄍㄨㄚ-
餛飩,ㄏㄨㄣ ㄉㄨㄣ,ㄏㄨㄣˊ ˙ㄉㄨㄣ
動物,ㄉㄨㄥ ㄨ,ㄉㄨㄥˋ ㄨˋ
蒼蠅,ㄘㄤ ㄧㄥ,ㄘㄤ- ˙ㄧㄥ
鹿,ㄌㄨ,ㄌㄨˋ
松鼠,ㄙㄨㄥ ㄕㄨ,ㄙㄨㄥ- ㄕㄨˇ
鵝,ㄜ,ㄜˊ
鴿子,ㄍㄜ ㄗ,ㄍㄜ- ˙ㄗ
母雞,ㄇㄨ ㄐㄧ,ㄇㄨˇ ㄐㄧ-
貓頭鷹,ㄇㄠ ㄊㄡ ㄧㄥ,ㄇㄠ- ㄊㄡˊ ㄧㄥ-
鯊魚,ㄕㄚ ㄩ,ㄕㄚ- ㄩˊ
老鷹,ㄌㄠ ㄧㄥ,ㄌㄠˇ ㄧㄥ-
孔雀,ㄎㄨㄥ ㄑㄩㄝ,ㄎㄨㄥˇ ㄑㄩㄝˋ
蚯蚓,ㄑㄧㄡ ㄧㄣ,ㄑㄧㄡ- ㄧㄣˇ
打雷,ㄉㄚ ㄌㄟ,ㄉㄚˇ ㄌㄟˊ
天空,ㄊㄧㄢ ㄎㄨㄥ,ㄊㄧㄢ- ㄎㄨㄥ-
土/泥土,ㄊㄨ / ㄋㄧ ㄊㄨ,ㄊㄨˇ / ㄋㄧˊ ㄊㄨˇ
雲,ㄩㄣ,ㄩㄣˊ
棍子,ㄍㄨㄣ ㄗ,ㄍㄨㄣˋ ˙ㄗ
彩虹,ㄘㄞ ㄏㄨㄥ,ㄘㄞˇ ㄏㄨㄥˊ
花園,ㄏㄨㄚ ㄩㄢ,ㄏㄨㄚ- ㄩㄢˊ
梯子,ㄊㄧ ㄗ,ㄊㄧ- ˙ㄗ
斑馬線,ㄅㄢ ㄇㄚ ㄒㄧㄢ,ㄅㄢ- ㄇㄚˇ ㄒㄧㄢˋ
水管,ㄕㄨㄟ ㄍㄨㄢ,ㄕㄨㄟˇ ㄍㄨㄢˇ
旗子,ㄑㄧ ㄗ,ㄑㄧˊ ˙ㄗ
鏟子,ㄔㄢ ㄗ,ㄔㄢˇ ˙ㄗ
吊車,ㄉㄧㄠ ㄔㄜ,ㄉㄧㄠˋ ㄔㄜ-
直昇機,ㄓ ㄕㄥ ㄐㄧ,ㄓˊ ㄕㄥ- ㄐㄧ-
三輪車,ㄙㄢ ㄌㄨㄣ ㄔㄜ,ㄙㄢ- ㄌㄨㄣˊ ㄔㄜ-
禮物,ㄌㄧ ㄨ,ㄌㄧˇ ㄨˋ
球棒,ㄑㄧㄡ ㄅㄤ,ㄑㄧㄡˊ ㄅㄤˋ
手槍,ㄕㄡ ㄑㄧㄤ,ㄕㄡˇ ㄑㄧㄤ-
膠水,ㄐㄧㄠ ㄕㄨㄟ,ㄐㄧㄠ- ㄕㄨㄟˇ
黏土,ㄋㄧㄢ ㄊㄨ,ㄋㄧㄢˊ ㄊㄨˇ
短褲,ㄉㄨㄢ ㄎㄨ,ㄉㄨㄢˇ ㄎㄨˋ
珠珠,ㄓㄨ ㄓㄨ,ㄓㄨ- ㄓㄨ-
雨衣,ㄩ ㄧ,ㄩˇ ㄧ-
項鍊,ㄒㄧㄤ ㄌㄧㄢ,ㄒㄧㄤˋ ㄌㄧㄢˋ
睡衣(褲),ㄕㄨㄟ ㄧ ( ㄎㄨ ) ,ㄕㄨㄟˋ ㄧ- ( ㄎㄨˋ ) 
皮帶,ㄆㄧ ㄉㄞ,ㄆㄧˊ ㄉㄞˋ
圍巾,ㄨㄟ ㄐㄧㄣ,ㄨㄟˊ ㄐㄧㄣ-
泳衣,ㄩㄥ ㄧ,ㄩㄥˇ ㄧ-
皮鞋,ㄆㄧ ㄒㄧㄝ,ㄆㄧˊ ㄒㄧㄝˊ
毛衣,ㄇㄠ ㄧ,ㄇㄠˊ ㄧ-
嘴唇,ㄗㄨㄟ ㄓㄣ,ㄗㄨㄟˇ ㄓㄣ-
腳趾頭,ㄐㄧㄠ ㄓ ㄊㄡ,ㄐㄧㄠˇ ㄓˇ ㄊㄡˊ
下巴,ㄒㄧㄚ ㄅㄚ,ㄒㄧㄚˋ ˙ㄅㄚ
膝蓋,ㄒㄧ ㄍㄞ,ㄒㄧ- ㄍㄞˋ
肩膀,ㄐㄧㄢ ㄅㄤ,ㄐㄧㄢ- ㄅㄤˇ
大腿,ㄉㄚ ㄊㄨㄟ,ㄉㄚˋ ㄊㄨㄟˇ
小腿,ㄒㄧㄠ ㄊㄨㄟ,ㄒㄧㄠˇ ㄊㄨㄟˇ
手臂,ㄕㄡ ㄅㄧ,ㄕㄡˇ ㄅㄧˋ
櫃子,ㄍㄨㄟ ㄗ,ㄍㄨㄟˋ ˙ㄗ
水槽(洗手檯),ㄕㄨㄟ ㄘㄠ ( ㄒㄧ ㄕㄡ ㄊㄞ ) ,ㄕㄨㄟˇ ㄘㄠˊ ( ㄒㄧˇ ㄕㄡˇ ㄊㄞˊ ) 
臥(房)室,ㄨㄛ ( ㄈㄤ ) ㄕ,ㄨㄛˋ ( ㄈㄤˊ ) ㄕˋ
衣櫥,ㄧ ㄔㄨ,ㄧ- ㄔㄨˊ
浴缸,ㄩ ㄍㄤ,ㄩˋ ㄍㄤ-
餐桌,ㄘㄢ ㄓㄨㄛ,ㄘㄢ- ㄓㄨㄛ-
嬰兒床,ㄧㄥ ㄦ ㄔㄨㄤ,ㄧㄥ- ㄦˊ ㄔㄨㄤˊ
陽台,ㄧㄤ ㄧ,ㄧㄤˊ ㄧˊ
微波爐,ㄨㄟ ㄅㄛ ㄌㄨ,ㄨㄟˊ ㄅㄛ- ㄌㄨˊ
盒子,ㄏㄜ ㄗ,ㄏㄜˊ ˙ㄗ
拖把,ㄊㄨㄛ ㄅㄚ,ㄊㄨㄛ- ㄅㄚˇ
水桶,ㄕㄨㄟ ㄊㄨㄥ,ㄕㄨㄟˇ ㄊㄨㄥˇ
鍋子,ㄍㄨㄛ ㄗ,ㄍㄨㄛ- ˙ㄗ
籃子,ㄌㄢ ㄗ,ㄌㄢˊ ˙ㄗ
刷子,ㄕㄨㄚ ㄗ,ㄕㄨㄚ- ˙ㄗ
收音機/音響,ㄕㄡ ㄧㄣ ㄐㄧ / ㄧㄣ ㄒㄧㄤ,ㄕㄡ- ㄧㄣ- ㄐㄧ- / ㄧㄣ- ㄒㄧㄤˇ
插頭,ㄔㄚ ㄊㄡ,ㄔㄚ- ㄊㄡˊ
玻璃(玻璃杯),ㄅㄛ ㄌㄧ ( ㄅㄛ ㄌㄧ ㄅㄟ ) ,ㄅㄛ- ˙ㄌㄧ ( ㄅㄛ- ˙ㄌㄧ ㄅㄟ- ) 
罐子,ㄍㄨㄢ ㄗ,ㄍㄨㄢˋ ˙ㄗ
圖片,ㄊㄨ ㄆㄧㄢ,ㄊㄨˊ ㄆㄧㄢˋ
電鍋,ㄉㄧㄢ ㄍㄨㄛ,ㄉㄧㄢˋ ㄍㄨㄛ-
釘子,ㄉㄧㄥ ㄗ,ㄉㄧㄥ- ˙ㄗ
黏黏的,ㄋㄧㄢ ㄋㄧㄢ ㄉㄜ,ㄋㄧㄢˊ ㄋㄧㄢˊ ˙ㄉㄜ
快樂的/高興的,ㄎㄨㄞ ㄌㄜ ㄉㄜ / ㄍㄠ ㄒㄧㄥ ㄉㄜ,ㄎㄨㄞˋ ㄌㄜˋ ˙ㄉㄜ / ㄍㄠ- ㄒㄧㄥˋ ˙ㄉㄜ
黃色的,ㄏㄨㄤ ㄙㄜ ㄉㄜ,ㄏㄨㄤˊ ㄙㄜˋ ˙ㄉㄜ
好硬/硬硬的,ㄏㄠ ㄧㄥ / ㄧㄥ ㄧㄥ ㄉㄜ,ㄏㄠˇ ㄧㄥˋ / ㄧㄥˋ ㄧㄥˋ ˙ㄉㄜ
好快/快的,ㄏㄠ ㄎㄨㄞ / ㄎㄨㄞ ㄉㄜ,ㄏㄠˇ ㄎㄨㄞˋ / ㄎㄨㄞˋ ˙ㄉㄜ
長長的,ㄓㄤ ㄓㄤ ㄉㄜ,ㄓㄤˋ ㄓㄤˋ ˙ㄉㄜ
醒了/醒著,ㄒㄧㄥ ㄌㄜ / ㄒㄧㄥ ㄓㄨ,ㄒㄧㄥˇ ˙ㄌㄜ / ㄒㄧㄥˇ ㄓㄨˋ
好苦/苦苦的,ㄏㄠ ㄎㄨ / ㄎㄨ ㄎㄨ ㄉㄜ,ㄏㄠˇ ㄎㄨˇ / ㄎㄨˇ ㄎㄨˇ ˙ㄉㄜ
乾淨的,ㄍㄢ ㄐㄧㄥ ㄉㄜ,ㄍㄢ- ㄐㄧㄥˋ ˙ㄉㄜ
好吵/吵鬧的,ㄏㄠ ㄔㄠ / ㄔㄠ ㄋㄠ ㄉㄜ,ㄏㄠˇ ㄔㄠˇ / ㄔㄠˇ ㄋㄠˋ ˙ㄉㄜ
綠色的,ㄌㄩ ㄙㄜ ㄉㄜ,ㄌㄩˋ ㄙㄜˋ ˙ㄉㄜ
白色的,ㄅㄞ ㄙㄜ ㄉㄜ,ㄅㄞˊ ㄙㄜˋ ˙ㄉㄜ
藍藍的/藍色的,ㄌㄢ ㄌㄢ ㄉㄜ / ㄌㄢ ㄙㄜ ㄉㄜ,ㄌㄢˊ ㄌㄢˊ ˙ㄉㄜ / ㄌㄢˊ ㄙㄜˋ ˙ㄉㄜ
新的,ㄒㄧㄣ ㄉㄜ,ㄒㄧㄣ- ˙ㄉㄜ
好軟/軟軟的,ㄏㄠ ㄖㄨㄢ / ㄖㄨㄢ ㄖㄨㄢ ㄉㄜ,ㄏㄠˇ ㄖㄨㄢˇ / ㄖㄨㄢˇ ㄖㄨㄢˇ ˙ㄉㄜ
好慢/慢慢的,ㄏㄠ ㄇㄢ / ㄇㄢ ㄇㄢ ㄉㄜ,ㄏㄠˇ ㄇㄢˋ / ㄇㄢˋ ㄇㄢˋ ˙ㄉㄜ
三角形的,ㄙㄢ ㄐㄧㄠ ㄒㄧㄥ ㄉㄜ,ㄙㄢ- ㄐㄧㄠˇ ㄒㄧㄥˊ ˙ㄉㄜ
第一/第一名,ㄉㄧ ㄧ / ㄉㄧ ㄧ ㄇㄧㄥ,ㄉㄧˋ ㄧ- / ㄉㄧˋ ㄧ- ㄇㄧㄥˊ
空空的,ㄎㄨㄥ ㄎㄨㄥ ㄉㄜ,ㄎㄨㄥ- ㄎㄨㄥ- ˙ㄉㄜ
討厭的,ㄊㄠ ㄧㄢ ㄉㄜ,ㄊㄠˇ ㄧㄢˋ ˙ㄉㄜ
乾乾的,ㄑㄧㄢ ㄑㄧㄢ ㄉㄜ,ㄑㄧㄢˊ ㄑㄧㄢˊ ˙ㄉㄜ
長方形的,ㄔㄤ ㄈㄤ ㄒㄧㄥ ㄉㄜ,ㄔㄤˊ ㄈㄤ- ㄒㄧㄥˊ ˙ㄉㄜ
可憐的,ㄎㄜ ㄌㄧㄢ ㄉㄜ,ㄎㄜˇ ㄌㄧㄢˊ ˙ㄉㄜ
傷心的/難過的,ㄕㄤ ㄒㄧㄣ ㄉㄜ / ㄋㄢ ㄍㄨㄛ ㄉㄜ,ㄕㄤ- ㄒㄧㄣ- ˙ㄉㄜ / ㄋㄢˊ ㄍㄨㄛˋ ˙ㄉㄜ
夠了,ㄍㄡ ㄌㄜ,ㄍㄡˋ ˙ㄌㄜ
滿滿的,ㄇㄢ ㄇㄢ ㄉㄜ,ㄇㄢˇ ㄇㄢˇ ˙ㄉㄜ
安靜的,ㄢ ㄐㄧㄥ ㄉㄜ,ㄢ- ㄐㄧㄥˋ ˙ㄉㄜ
全部(通通),ㄑㄩㄢ ㄅㄨ ( ㄊㄨㄥ ㄊㄨㄥ ) ,ㄑㄩㄢˊ ㄅㄨˋ ( ㄊㄨㄥ- ㄊㄨㄥ- ) 
這些,ㄓㄜ ㄒㄧㄝ,ㄓㄜˋ ㄒㄧㄝ-
也有、也是,ㄧㄝ ㄧㄡ 、 ㄧㄝ ㄕ,ㄧㄝˇ ㄧㄡˇ 、 ㄧㄝˇ ㄕˋ
一半(半個),ㄧ ㄅㄢ ( ㄅㄢ ㄍㄜ ) ,ㄧ- ㄅㄢˋ ( ㄅㄢˋ ˙ㄍㄜ ) 
一樣多,ㄧ ㄧㄤ ㄉㄨㄛ,ㄧ- ㄧㄤˋ ㄉㄨㄛˊ
那些,ㄋㄚ ㄒㄧㄝ,ㄋㄚˇ ㄒㄧㄝ-
更多,ㄍㄥ ㄉㄨㄛ,ㄍㄥˋ ㄉㄨㄛˊ
在…上面,ㄗㄞ … ㄕㄤ ㄇㄧㄢ,ㄗㄞˋ … ㄕㄤˋ ˙ㄇㄧㄢ
在…下面,ㄗㄞ … ㄒㄧㄚ ㄇㄧㄢ,ㄗㄞˋ … ㄒㄧㄚˋ ㄇㄧㄢˋ
在…前面,ㄗㄞ … ㄑㄧㄢ ㄇㄧㄢ,ㄗㄞˋ … ㄑㄧㄢˊ ㄇㄧㄢˋ
…的…, … ㄉㄜ … , … ˙ㄉㄜ … 
在…外面,ㄗㄞ … ㄨㄞ ㄇㄧㄢ,ㄗㄞˋ … ㄨㄞˋ ㄇㄧㄢˋ
到…裡,ㄉㄠ … ㄌㄧ,ㄉㄠˋ … ㄌㄧˇ
在…旁邊,ㄗㄞ … ㄆㄤ ㄅㄧㄢ,ㄗㄞˋ … ㄆㄤˊ ㄅㄧㄢ-
在…後面,ㄗㄞ … ㄏㄡ ㄇㄧㄢ,ㄗㄞˋ … ㄏㄡˋ ㄇㄧㄢˋ
向(往)上,ㄒㄧㄤ ( ㄨㄤ ) ㄕㄤ,ㄒㄧㄤˋ ( ㄨㄤˇ ) ㄕㄤˇ
向(往)下,ㄒㄧㄤ ( ㄨㄤ ) ㄒㄧㄚ,ㄒㄧㄤˋ ( ㄨㄤˇ ) ㄒㄧㄚˋ
在…中間,ㄗㄞ … ㄓㄨㄥ ㄐㄧㄢ,ㄗㄞˋ … ㄓㄨㄥ- ㄐㄧㄢ-
商店/百貨公司,ㄕㄤ ㄉㄧㄢ / ㄅㄞ ㄏㄨㄛ ㄍㄨㄥ ㄙ,ㄕㄤ- ㄉㄧㄢˋ / ㄅㄞˇ ㄏㄨㄛˋ ㄍㄨㄥ- ㄙ-
海,ㄏㄞ,ㄏㄞˇ
停車場,ㄊㄧㄥ ㄔㄜ ㄔㄤ,ㄊㄧㄥˊ ㄔㄜ- ㄔㄤˊ
火車站(車站),ㄏㄨㄛ ㄔㄜ ㄓㄢ ( ㄔㄜ ㄓㄢ ) ,ㄏㄨㄛˇ ㄔㄜ- ㄓㄢˋ ( ㄔㄜ- ㄓㄢˋ ) 
餐廳,ㄘㄢ ㄊㄧㄥ,ㄘㄢ- ㄊㄧㄥ-
XX園(某遊戲樂園名稱), X X ㄩㄢ ( ㄇㄡ ㄧㄡ ㄒㄧ ㄌㄜ ㄩㄢ ㄇㄧㄥ ㄔㄥ ) , X X ㄩㄢˊ ( ㄇㄡˇ ㄧㄡˊ ㄒㄧˋ ㄌㄜˋ ㄩㄢˊ ㄇㄧㄥˊ ㄔㄥ- ) 
教堂/廟,ㄐㄧㄠ ㄊㄤ / ㄇㄧㄠ,ㄐㄧㄠˋ ㄊㄤˊ / ㄇㄧㄠˋ
游泳池,ㄧㄡ ㄩㄥ ㄔ,ㄧㄡˊ ㄩㄥˇ ㄔˊ
郵局,ㄧㄡ ㄐㄩ,ㄧㄡˊ ㄐㄩˊ
山上,ㄕㄢ ㄕㄤ,ㄕㄢ- ㄕㄤˇ
河,ㄏㄜ,ㄏㄜˊ
運動場/操場,ㄩㄣ ㄉㄨㄥ ㄔㄤ / ㄘㄠ ㄔㄤ,ㄩㄣˋ ㄉㄨㄥˋ ㄔㄤˊ / ㄘㄠ- ㄔㄤˊ
遊樂園,ㄧㄡ ㄌㄜ ㄩㄢ,ㄧㄡˊ ㄌㄜˋ ㄩㄢˊ
圖書館,ㄊㄨ ㄕㄨ ㄍㄨㄢ,ㄊㄨˊ ㄕㄨ- ㄍㄨㄢˇ
大樓,ㄉㄚ ㄌㄡ,ㄉㄚˋ ㄌㄡˊ
白天,ㄅㄞ ㄊㄧㄢ,ㄅㄞˊ ˙ㄊㄧㄢ
已經,ㄧ ㄐㄧㄥ,ㄧˇ ㄐㄧㄥ-
明天,ㄇㄧㄥ ㄊㄧㄢ,ㄇㄧㄥˊ ㄊㄧㄢ-
下次,ㄒㄧㄚ ㄘ,ㄒㄧㄚˋ ㄘˋ
現在,ㄒㄧㄢ ㄗㄞ,ㄒㄧㄢˋ ㄗㄞˋ
昨天,ㄗㄨㄛ ㄊㄧㄢ,ㄗㄨㄛˊ ㄊㄧㄢ-
中午,ㄓㄨㄥ ㄨ,ㄓㄨㄥ- ㄨˇ
上次,ㄕㄤ ㄘ,ㄕㄤˋ ㄘˋ
晚(一點),ㄨㄢ ( ㄧ ㄉㄧㄢ ) ,ㄨㄢˇ ( ㄧ- ㄉㄧㄢˇ ) 
早(一點),ㄗㄠ ( ㄧ ㄉㄧㄢ ) ,ㄗㄠˇ ( ㄧ- ㄉㄧㄢˇ ) 
這次,ㄓㄜ ㄘ,ㄓㄜˋ ㄘˋ
以前,ㄧ ㄑㄧㄢ,ㄧˇ ㄑㄧㄢˊ
星期…,ㄒㄧㄥ ㄑㄧ … ,ㄒㄧㄥ- ㄑㄧˊ … 
以後,ㄧ ㄏㄡ,ㄧˇ ㄏㄡˋ
(還有)呢？, ( ㄏㄞ ㄧㄡ ) ㄋㄜ ？ , ( ㄏㄞˊ ㄧㄡˇ ) ㄋㄜ ？ 
幾個？,ㄐㄧ ㄍㄜ ？ ,ㄐㄧˇ ˙ㄍㄜ ？ 
哪一個？,ㄋㄚ ㄧ ㄍㄜ ？ ,˙ㄋㄚ ㄧ- ˙ㄍㄜ ？ 
幾點？,ㄐㄧ ㄉㄧㄢ ？ ,ㄐㄧ- ㄉㄧㄢˇ ？ 
多少？,ㄉㄨㄛ ㄕㄠ ？ ,ㄉㄨㄛ- ㄕㄠˇ ？ 
因為,ㄧㄣ ㄨㄟ,ㄧㄣ- ㄨㄟˋ
可是,ㄎㄜ ㄕ,ㄎㄜˇ ㄕˋ
…就…, … ㄐㄧㄡ … , … ㄐㄧㄡˋ … 
先…然後…,ㄒㄧㄢ … ㄖㄢ ㄏㄡ … ,ㄒㄧㄢ- … ㄖㄢˊ ㄏㄡˋ … 
後來,ㄏㄡ ㄌㄞ,ㄏㄡˋ ㄌㄞˊ
所以,ㄙㄨㄛ ㄧ,ㄙㄨㄛˇ ㄧˇ
先生,ㄒㄧㄢ ㄕㄥ,ㄒㄧㄢ- ㄕㄥ-
鸚鵡,ㄧㄥ ㄨ,ㄧㄥ- ㄨˇ
時間,ㄕ ㄐㄧㄢ,ㄕˊ ㄐㄧㄢ-
如果,ㄖㄨ ㄍㄨㄛ,ㄖㄨˊ ㄍㄨㄛˇ
